Workbook

Sheet СВОД
B1: О проекте | F1: Матрица №
B2: Клиент | C2: РУСАЛ | F2: ТВ2632550
B3: Название проекта | C3: Организация и проведение прямой линии с ТОП-менеджментом РУСАЛа 26.03.2026
B4: Формат | C4: Видеотрансляция
B5: Дата | C5: 46106
B6: Продюсер от ММ | C6: ФИО
B7: Менеджер по продажам | C7: ФИО
B8: Куратор от заказчика | C8: ФИО
B9: Бизнес Юнит | C9: ВЫБОР
B10: Путь к папке проекта в Dropbox (Генерируется автомастически)
B11: ВАЖНО! Создавайте папку в Dropbox согласоно этому названию!

Sheet ₽ СМЕНЫ
B1: При добавлении нового фрилансера ОБЯЗАТЕЛЬНО! вносите его в РЕЕСТР ФРИЛАНСЕРОВ, а потом в Матрицу. | J1: ='СВОД'!C5 -> 46106 | Q1: Не забывайте проставлять СТАТУС ОПЛАТЫ фрилансера!
J2: =K2-1 -> 46103 | K2: =L2-1 -> 46104 | L2: =M2-1 -> 46105 | M2: =J1 -> 46106 | N2: =M2+1 -> 46107 | O2: =N2+1 -> 46108 | P2: =O2+1 -> 46109 | Q2: Итого | T2: =T58 -> 0
B3: № | C3: Сотрудник/Фрилансер | D3: Смена ПЛАН | E3: Cмена ФАКТ | F3: Коментарий | G3: Функция на площадке | H3: Формат | I3: Налоги/Штат | J3: =J2 -> 46103 | K3: =K2 -> 46104 | L3: =L2 -> 46105 | M3: =M2 -> 46106 | N3: =N2 -> 46107 | O3: =O2 -> 46108 | P3: =P2 -> 46109 | Q3: Всего смен | R3: Сумма без налога ПЛАН | S3: C налогом ПЛАН | T3: C налогом ФАКТ | U3: Разница | V3: Статус оплаты
A4: =IF(C4=" ",0,1) -> 1 | B4: =IF(A4=A3," ",A4) -> 1 | D4: 0 | E4: 0 | G4: Режиссёр-постановщик | H4: Смена (до 8ч.) | I4: ШТАТ | L4: 1 | M4: 1 | Q4: =IF(SUM(J4:P4)=0,IF(G4<>"",1,SUM(J4:P4)),SUM(J4:P4)) -> 2 | R4: =Q4*D4 -> 0 | S4: =IF(D4="",E4,IF(I4="ИП 7%",D4*Q4/0.93,IF(I4="ИП 8%",D4*Q4/0.92,IF(I4="ИП 10%",D4*Q4/0.9,IF(I4="СЗТ",D4*Q4/0.94,D4*Q4))))) -> 0 | T4: =IF(E4="",S4,IF(I4="ИП 7%",E4*Q4/0.93,IF(I4="ИП 8%",E4*Q4/0.92,IF(I4="ИП 10%",E4*Q4/0.9,IF(I4="СЗТ",E4*Q4/0.94,E4*Q4))))) -> 0 | U4: =S4-T4 -> 0 | V4: FALSE
A5: =A4+(IF(C5="",0,1)) -> 1 | B5: =IF(A5=A4," ",A5) | Q5: =IF(SUM(J5:P5)=0,IF(G5<>"",1,SUM(J5:P5)),SUM(J5:P5)) -> 0 | R5: =Q5*D5 -> 0 | S5: =IF(D5="",E5,IF(I5="ИП 7%",D5*Q5/0.93,IF(I5="ИП 8%",D5*Q5/0.92,IF(I5="ИП 10%",D5*Q5/0.9,IF(I5="СЗТ",D5*Q5/0.94,D5*Q5))))) | T5: =IF(E5="",S5,IF(I5="ИП 7%",E5*Q5/0.93,IF(I5="ИП 8%",E5*Q5/0.92,IF(I5="ИП 10%",E5*Q5/0.9,IF(I5="СЗТ",E5*Q5/0.94,E5*Q5))))) | U5: =S5-T5 -> 0 | V5: FALSE
A6: =A5+(IF(C6="",0,1)) -> 1 | B6: =IF(A6=A5," ",A6) | Q6: =IF(SUM(J6:P6)=0,IF(G6<>"",1,SUM(J6:P6)),SUM(J6:P6)) -> 0 | R6: =Q6*D6 -> 0 | S6: =IF(D6="",E6,IF(I6="ИП 7%",D6*Q6/0.93,IF(I6="ИП 8%",D6*Q6/0.92,IF(I6="ИП 10%",D6*Q6/0.9,IF(I6="СЗТ",D6*Q6/0.94,D6*Q6))))) | T6: =IF(E6="",S6,IF(I6="ИП 7%",E6*Q6/0.93,IF(I6="ИП 8%",E6*Q6/0.92,IF(I6="ИП 10%",E6*Q6/0.9,IF(I6="СЗТ",E6*Q6/0.94,E6*Q6))))) | U6: =S6-T6 -> 0 | V6: FALSE
A7: =A6+(IF(C7="",0,1)) -> 1 | B7: =IF(A7=A6," ",A7) | Q7: =IF(SUM(J7:P7)=0,IF(G7<>"",1,SUM(J7:P7)),SUM(J7:P7)) -> 0 | R7: =Q7*D7 -> 0 | S7: =IF(D7="",E7,IF(I7="ИП 7%",D7*Q7/0.93,IF(I7="ИП 8%",D7*Q7/0.92,IF(I7="ИП 10%",D7*Q7/0.9,IF(I7="СЗТ",D7*Q7/0.94,D7*Q7))))) | T7: =IF(E7="",S7,IF(I7="ИП 7%",E7*Q7/0.93,IF(I7="ИП 8%",E7*Q7/0.92,IF(I7="ИП 10%",E7*Q7/0.9,IF(I7="СЗТ",E7*Q7/0.94,E7*Q7))))) | U7: =S7-T7 -> 0 | V7: FALSE
A8: =A7+(IF(C8="",0,1)) -> 1 | B8: =IF(A8=A7," ",A8) | Q8: =IF(SUM(J8:P8)=0,IF(G8<>"",1,SUM(J8:P8)),SUM(J8:P8)) -> 0 | R8: =Q8*D8 -> 0 | S8: =IF(D8="",E8,IF(I8="ИП 7%",D8*Q8/0.93,IF(I8="ИП 8%",D8*Q8/0.92,IF(I8="ИП 10%",D8*Q8/0.9,IF(I8="СЗТ",D8*Q8/0.94,D8*Q8))))) | T8: =IF(E8="",S8,IF(I8="ИП 7%",E8*Q8/0.93,IF(I8="ИП 8%",E8*Q8/0.92,IF(I8="ИП 10%",E8*Q8/0.9,IF(I8="СЗТ",E8*Q8/0.94,E8*Q8))))) | U8: =S8-T8 -> 0 | V8: FALSE
A9: =A8+(IF(C9="",0,1)) -> 1 | B9: =IF(A9=A8," ",A9) | Q9: =IF(SUM(J9:P9)=0,IF(G9<>"",1,SUM(J9:P9)),SUM(J9:P9)) -> 0 | R9: =Q9*D9 -> 0 | S9: =IF(D9="",E9,IF(I9="ИП 7%",D9*Q9/0.93,IF(I9="ИП 8%",D9*Q9/0.92,IF(I9="ИП 10%",D9*Q9/0.9,IF(I9="СЗТ",D9*Q9/0.94,D9*Q9))))) | T9: =IF(E9="",S9,IF(I9="ИП 7%",E9*Q9/0.93,IF(I9="ИП 8%",E9*Q9/0.92,IF(I9="ИП 10%",E9*Q9/0.9,IF(I9="СЗТ",E9*Q9/0.94,E9*Q9))))) | U9: =S9-T9 -> 0 | V9: FALSE
A10: =A9+(IF(C10="",0,1)) -> 1 | B10: =IF(A10=A9," ",A10) | Q10: =IF(SUM(J10:P10)=0,IF(G10<>"",1,SUM(J10:P10)),SUM(J10:P10)) -> 0 | R10: =Q10*D10 -> 0 | S10: =IF(D10="",E10,IF(I10="ИП 7%",D10*Q10/0.93,IF(I10="ИП 8%",D10*Q10/0.92,IF(I10="ИП 10%",D10*Q10/0.9,IF(I10="СЗТ",D10*Q10/0.94,D10*Q10))))) | T10: =IF(E10="",S10,IF(I10="ИП 7%",E10*Q10/0.93,IF(I10="ИП 8%",E10*Q10/0.92,IF(I10="ИП 10%",E10*Q10/0.9,IF(I10="СЗТ",E10*Q10/0.94,E10*Q10))))) | U10: =S10-T10 -> 0 | V10: FALSE
A11: =A10+(IF(C11="",0,1)) -> 1 | B11: =IF(A11=A10," ",A11) | Q11: =IF(SUM(J11:P11)=0,IF(G11<>"",1,SUM(J11:P11)),SUM(J11:P11)) -> 0 | R11: =Q11*D11 -> 0 | S11: =IF(D11="",E11,IF(I11="ИП 7%",D11*Q11/0.93,IF(I11="ИП 8%",D11*Q11/0.92,IF(I11="ИП 10%",D11*Q11/0.9,IF(I11="СЗТ",D11*Q11/0.94,D11*Q11))))) | T11: =IF(E11="",S11,IF(I11="ИП 7%",E11*Q11/0.93,IF(I11="ИП 8%",E11*Q11/0.92,IF(I11="ИП 10%",E11*Q11/0.9,IF(I11="СЗТ",E11*Q11/0.94,E11*Q11))))) | U11: =S11-T11 -> 0 | V11: FALSE
A12: =A11+(IF(C12="",0,1)) -> 1 | B12: =IF(A12=A11," ",A12) | Q12: =IF(SUM(J12:P12)=0,IF(G12<>"",1,SUM(J12:P12)),SUM(J12:P12)) -> 0 | R12: =Q12*D12 -> 0 | S12: =IF(D12="",E12,IF(I12="ИП 7%",D12*Q12/0.93,IF(I12="ИП 8%",D12*Q12/0.92,IF(I12="ИП 10%",D12*Q12/0.9,IF(I12="СЗТ",D12*Q12/0.94,D12*Q12))))) | T12: =IF(E12="",S12,IF(I12="ИП 7%",E12*Q12/0.93,IF(I12="ИП 8%",E12*Q12/0.92,IF(I12="ИП 10%",E12*Q12/0.9,IF(I12="СЗТ",E12*Q12/0.94,E12*Q12))))) | U12: =S12-T12 -> 0 | V12: FALSE
A13: =A12+(IF(C13="",0,1)) -> 1 | B13: =IF(A13=A12," ",A13) | Q13: =IF(SUM(J13:P13)=0,IF(G13<>"",1,SUM(J13:P13)),SUM(J13:P13)) -> 0 | R13: =Q13*D13 -> 0 | S13: =IF(D13="",E13,IF(I13="ИП 7%",D13*Q13/0.93,IF(I13="ИП 8%",D13*Q13/0.92,IF(I13="ИП 10%",D13*Q13/0.9,IF(I13="СЗТ",D13*Q13/0.94,D13*Q13))))) | T13: =IF(E13="",S13,IF(I13="ИП 7%",E13*Q13/0.93,IF(I13="ИП 8%",E13*Q13/0.92,IF(I13="ИП 10%",E13*Q13/0.9,IF(I13="СЗТ",E13*Q13/0.94,E13*Q13))))) | U13: =S13-T13 -> 0 | V13: FALSE
A14: =A13+(IF(C14="",0,1)) -> 1 | B14: =IF(A14=A13," ",A14) | Q14: =IF(SUM(J14:P14)=0,IF(G14<>"",1,SUM(J14:P14)),SUM(J14:P14)) -> 0 | R14: =Q14*D14 -> 0 | S14: =IF(D14="",E14,IF(I14="ИП 7%",D14*Q14/0.93,IF(I14="ИП 8%",D14*Q14/0.92,IF(I14="ИП 10%",D14*Q14/0.9,IF(I14="СЗТ",D14*Q14/0.94,D14*Q14))))) | T14: =IF(E14="",S14,IF(I14="ИП 7%",E14*Q14/0.93,IF(I14="ИП 8%",E14*Q14/0.92,IF(I14="ИП 10%",E14*Q14/0.9,IF(I14="СЗТ",E14*Q14/0.94,E14*Q14))))) | U14: =S14-T14 -> 0 | V14: FALSE
A15: =A14+(IF(C15="",0,1)) -> 1 | B15: =IF(A15=A14," ",A15) | Q15: =IF(SUM(J15:P15)=0,IF(G15<>"",1,SUM(J15:P15)),SUM(J15:P15)) -> 0 | R15: =Q15*D15 -> 0 | S15: =IF(D15="",E15,IF(I15="ИП 7%",D15*Q15/0.93,IF(I15="ИП 8%",D15*Q15/0.92,IF(I15="ИП 10%",D15*Q15/0.9,IF(I15="СЗТ",D15*Q15/0.94,D15*Q15))))) | T15: =IF(E15="",S15,IF(I15="ИП 7%",E15*Q15/0.93,IF(I15="ИП 8%",E15*Q15/0.92,IF(I15="ИП 10%",E15*Q15/0.9,IF(I15="СЗТ",E15*Q15/0.94,E15*Q15))))) | U15: =S15-T15 -> 0 | V15: FALSE
A16: =A15+(IF(C16="",0,1)) -> 1 | B16: =IF(A16=A15," ",A16) | Q16: =IF(SUM(J16:P16)=0,IF(G16<>"",1,SUM(J16:P16)),SUM(J16:P16)) -> 0 | R16: =Q16*D16 -> 0 | S16: =IF(D16="",E16,IF(I16="ИП 7%",D16*Q16/0.93,IF(I16="ИП 8%",D16*Q16/0.92,IF(I16="ИП 10%",D16*Q16/0.9,IF(I16="СЗТ",D16*Q16/0.94,D16*Q16))))) | T16: =IF(E16="",S16,IF(I16="ИП 7%",E16*Q16/0.93,IF(I16="ИП 8%",E16*Q16/0.92,IF(I16="ИП 10%",E16*Q16/0.9,IF(I16="СЗТ",E16*Q16/0.94,E16*Q16))))) | U16: =S16-T16 -> 0 | V16: FALSE
... A21: =A20+(IF(C21="",0,1)) -> 0 | B21: =IF(A21=A20," ",A21) | Q21: =IF(SUM(J21:P21)=0,IF(G21<>"",1,SUM(J21:P21)),SUM(J21:P21)) -> 0 | R21: =Q21*D21 -> 0 | S21: =IF(D21="",E21,IF(I21="ИП 7%",D21*Q21/0.93,IF(I21="ИП 8%",D21*Q21/0.92,IF(I21="ИП 10%",D21*Q21/0.9,IF(I21="СЗТ",D21*Q21/0.94,D21*Q21))))) | T21: =IF(E21="",S21,IF(I21="ИП 7%",E21*Q21/0.93,IF(I21="ИП 8%",E21*Q21/0.92,IF(I21="ИП 10%",E21*Q21/0.9,IF(I21="СЗТ",E21*Q21/0.94,E21*Q21))))) | U21: =S21-T21 -> 0 | V21: FALSE
A22: =A21+(IF(C22="",0,1)) -> 0 | B22: =IF(A22=A21," ",A22) | D22: =IF(G22="","",VLOOKUP(G22,'КАТАЛОГ'!B:E,4,FALSE)) | E22: =IF(I22="Штат",0,D22) | H22: =IF(G22="","",VLOOKUP(G22,'КАТАЛОГ'!B:D,3,FALSE)) | Q22: =IF(SUM(J22:P22)=0,IF(G22<>"",1,SUM(J22:P22)),SUM(J22:P22)) -> 0 | R22: =Q22*D22 -> 0 | S22: =IF(D22="",E22,IF(I22="ИП 7%",D22*Q22/0.93,IF(I22="ИП 8%",D22*Q22/0.92,IF(I22="ИП 10%",D22*Q22/0.9,IF(I22="СЗТ",D22*Q22/0.94,D22*Q22))))) | T22: =IF(E22="",S22,IF(I22="ИП 7%",E22*Q22/0.93,IF(I22="ИП 8%",E22*Q22/0.92,IF(I22="ИП 10%",E22*Q22/0.9,IF(I22="СЗТ",E22*Q22/0.94,E22*Q22))))) | U22: =S22-T22 -> 0 | V22: FALSE
A23: =A22+(IF(C23="",0,1)) -> 0 | B23: =IF(A23=A22," ",A23) | D23: =IF(G23="","",VLOOKUP(G23,'КАТАЛОГ'!B:E,4,FALSE)) | E23: =IF(I23="Штат",0,D23) | H23: =IF(G23="","",VLOOKUP(G23,'КАТАЛОГ'!B:D,3,FALSE)) | Q23: =IF(SUM(J23:P23)=0,IF(G23<>"",1,SUM(J23:P23)),SUM(J23:P23)) -> 0 | R23: =Q23*D23 -> 0 | S23: =IF(D23="",E23,IF(I23="ИП 7%",D23*Q23/0.93,IF(I23="ИП 8%",D23*Q23/0.92,IF(I23="ИП 10%",D23*Q23/0.9,IF(I23="СЗТ",D23*Q23/0.94,D23*Q23))))) | T23: =IF(E23="",S23,IF(I23="ИП 7%",E23*Q23/0.93,IF(I23="ИП 8%",E23*Q23/0.92,IF(I23="ИП 10%",E23*Q23/0.9,IF(I23="СЗТ",E23*Q23/0.94,E23*Q23))))) | U23: =S23-T23 -> 0 | V23: FALSE
A24: =A23+(IF(C24="",0,1)) -> 0 | B24: =IF(A24=A23," ",A24) | D24: =IF(G24="","",VLOOKUP(G24,'КАТАЛОГ'!B:E,4,FALSE)) | E24: =IF(I24="Штат",0,D24) | H24: =IF(G24="","",VLOOKUP(G24,'КАТАЛОГ'!B:D,3,FALSE)) | Q24: =IF(SUM(J24:P24)=0,IF(G24<>"",1,SUM(J24:P24)),SUM(J24:P24)) -> 0 | R24: =Q24*D24 -> 0 | S24: =IF(D24="",E24,IF(I24="ИП 7%",D24*Q24/0.93,IF(I24="ИП 8%",D24*Q24/0.92,IF(I24="ИП 10%",D24*Q24/0.9,IF(I24="СЗТ",D24*Q24/0.94,D24*Q24))))) | T24: =IF(E24="",S24,IF(I24="ИП 7%",E24*Q24/0.93,IF(I24="ИП 8%",E24*Q24/0.92,IF(I24="ИП 10%",E24*Q24/0.9,IF(I24="СЗТ",E24*Q24/0.94,E24*Q24))))) | U24: =S24-T24 -> 0 | V24: FALSE
A25: =A24+(IF(C25="",0,1)) -> 0 | B25: =IF(A25=A24," ",A25) | D25: =IF(G25="","",VLOOKUP(G25,'КАТАЛОГ'!B:E,4,FALSE)) | E25: =IF(I25="Штат",0,D25) | H25: =IF(G25="","",VLOOKUP(G25,'КАТАЛОГ'!B:D,3,FALSE)) | Q25: =IF(SUM(J25:P25)=0,IF(G25<>"",1,SUM(J25:P25)),SUM(J25:P25)) -> 0 | R25: =Q25*D25 -> 0 | S25: =IF(D25="",E25,IF(I25="ИП 7%",D25*Q25/0.93,IF(I25="ИП 8%",D25*Q25/0.92,IF(I25="ИП 10%",D25*Q25/0.9,IF(I25="СЗТ",D25*Q25/0.94,D25*Q25))))) | T25: =IF(E25="",S25,IF(I25="ИП 7%",E25*Q25/0.93,IF(I25="ИП 8%",E25*Q25/0.92,IF(I25="ИП 10%",E25*Q25/0.9,IF(I25="СЗТ",E25*Q25/0.94,E25*Q25))))) | U25: =S25-T25 -> 0 | V25: FALSE
A26: =A25+(IF(C26="",0,1)) -> 0 | B26: =IF(A26=A25," ",A26) | D26: =IF(G26="","",VLOOKUP(G26,'КАТАЛОГ'!B:E,4,FALSE)) | E26: =IF(I26="Штат",0,D26) | H26: =IF(G26="","",VLOOKUP(G26,'КАТАЛОГ'!B:D,3,FALSE)) | Q26: =IF(SUM(J26:P26)=0,IF(G26<>"",1,SUM(J26:P26)),SUM(J26:P26)) -> 0 | R26: =Q26*D26 -> 0 | S26: =IF(D26="",E26,IF(I26="ИП 7%",D26*Q26/0.93,IF(I26="ИП 8%",D26*Q26/0.92,IF(I26="ИП 10%",D26*Q26/0.9,IF(I26="СЗТ",D26*Q26/0.94,D26*Q26))))) | T26: =IF(E26="",S26,IF(I26="ИП 7%",E26*Q26/0.93,IF(I26="ИП 8%",E26*Q26/0.92,IF(I26="ИП 10%",E26*Q26/0.9,IF(I26="СЗТ",E26*Q26/0.94,E26*Q26))))) | U26: =S26-T26 -> 0 | V26: FALSE
A27: =A26+(IF(C27="",0,1)) -> 0 | B27: =IF(A27=A26," ",A27) | D27: =IF(G27="","",VLOOKUP(G27,'КАТАЛОГ'!B:E,4,FALSE)) | E27: =IF(I27="Штат",0,D27) | H27: =IF(G27="","",VLOOKUP(G27,'КАТАЛОГ'!B:D,3,FALSE)) | Q27: =IF(SUM(J27:P27)=0,IF(G27<>"",1,SUM(J27:P27)),SUM(J27:P27)) -> 0 | R27: =Q27*D27 -> 0 | S27: =IF(D27="",E27,IF(I27="ИП 7%",D27*Q27/0.93,IF(I27="ИП 8%",D27*Q27/0.92,IF(I27="ИП 10%",D27*Q27/0.9,IF(I27="СЗТ",D27*Q27/0.94,D27*Q27))))) | T27: =IF(E27="",S27,IF(I27="ИП 7%",E27*Q27/0.93,IF(I27="ИП 8%",E27*Q27/0.92,IF(I27="ИП 10%",E27*Q27/0.9,IF(I27="СЗТ",E27*Q27/0.94,E27*Q27))))) | U27: =S27-T27 -> 0 | V27: FALSE
A28: =A27+(IF(C28="",0,1)) -> 0 | B28: =IF(A28=A27," ",A28) | D28: =IF(G28="","",VLOOKUP(G28,'КАТАЛОГ'!B:E,4,FALSE)) | E28: =IF(I28="Штат",0,D28) | H28: =IF(G28="","",VLOOKUP(G28,'КАТАЛОГ'!B:D,3,FALSE)) | Q28: =IF(SUM(J28:P28)=0,IF(G28<>"",1,SUM(J28:P28)),SUM(J28:P28)) -> 0 | R28: =Q28*D28 -> 0 | S28: =IF(D28="",E28,IF(I28="ИП 7%",D28*Q28/0.93,IF(I28="ИП 8%",D28*Q28/0.92,IF(I28="ИП 10%",D28*Q28/0.9,IF(I28="СЗТ",D28*Q28/0.94,D28*Q28))))) | T28: =IF(E28="",S28,IF(I28="ИП 7%",E28*Q28/0.93,IF(I28="ИП 8%",E28*Q28/0.92,IF(I28="ИП 10%",E28*Q28/0.9,IF(I28="СЗТ",E28*Q28/0.94,E28*Q28))))) | U28: =S28-T28 -> 0 | V28: FALSE
A29: =A28+(IF(C29="",0,1)) -> 0 | B29: =IF(A29=A28," ",A29) | D29: =IF(G29="","",VLOOKUP(G29,'КАТАЛОГ'!B:E,4,FALSE)) | E29: =IF(I29="Штат",0,D29) | H29: =IF(G29="","",VLOOKUP(G29,'КАТАЛОГ'!B:D,3,FALSE)) | Q29: =IF(SUM(J29:P29)=0,IF(G29<>"",1,SUM(J29:P29)),SUM(J29:P29)) -> 0 | R29: =Q29*D29 -> 0 | S29: =IF(D29="",E29,IF(I29="ИП 7%",D29*Q29/0.93,IF(I29="ИП 8%",D29*Q29/0.92,IF(I29="ИП 10%",D29*Q29/0.9,IF(I29="СЗТ",D29*Q29/0.94,D29*Q29))))) | T29: =IF(E29="",S29,IF(I29="ИП 7%",E29*Q29/0.93,IF(I29="ИП 8%",E29*Q29/0.92,IF(I29="ИП 10%",E29*Q29/0.9,IF(I29="СЗТ",E29*Q29/0.94,E29*Q29))))) | U29: =S29-T29 -> 0 | V29: FALSE
A30: =A29+(IF(C30="",0,1)) -> 0 | B30: =IF(A30=A29," ",A30) | D30: =IF(G30="","",VLOOKUP(G30,'КАТАЛОГ'!B:E,4,FALSE)) | E30: =IF(I30="Штат",0,D30) | H30: =IF(G30="","",VLOOKUP(G30,'КАТАЛОГ'!B:D,3,FALSE)) | Q30: =IF(SUM(J30:P30)=0,IF(G30<>"",1,SUM(J30:P30)),SUM(J30:P30)) -> 0 | R30: =Q30*D30 -> 0 | S30: =IF(D30="",E30,IF(I30="ИП 7%",D30*Q30/0.93,IF(I30="ИП 8%",D30*Q30/0.92,IF(I30="ИП 10%",D30*Q30/0.9,IF(I30="СЗТ",D30*Q30/0.94,D30*Q30))))) | T30: =IF(E30="",S30,IF(I30="ИП 7%",E30*Q30/0.93,IF(I30="ИП 8%",E30*Q30/0.92,IF(I30="ИП 10%",E30*Q30/0.9,IF(I30="СЗТ",E30*Q30/0.94,E30*Q30))))) | U30: =S30-T30 -> 0 | V30: FALSE
A31: =A30+(IF(C31="",0,1)) -> 0 | B31: =IF(A31=A30," ",A31) | D31: =IF(G31="","",VLOOKUP(G31,'КАТАЛОГ'!B:E,4,FALSE)) | E31: =IF(I31="Штат",0,D31) | H31: =IF(G31="","",VLOOKUP(G31,'КАТАЛОГ'!B:D,3,FALSE)) | Q31: =IF(SUM(J31:P31)=0,IF(G31<>"",1,SUM(J31:P31)),SUM(J31:P31)) -> 0 | R31: =Q31*D31 -> 0 | S31: =IF(D31="",E31,IF(I31="ИП 7%",D31*Q31/0.93,IF(I31="ИП 8%",D31*Q31/0.92,IF(I31="ИП 10%",D31*Q31/0.9,IF(I31="СЗТ",D31*Q31/0.94,D31*Q31))))) | T31: =IF(E31="",S31,IF(I31="ИП 7%",E31*Q31/0.93,IF(I31="ИП 8%",E31*Q31/0.92,IF(I31="ИП 10%",E31*Q31/0.9,IF(I31="СЗТ",E31*Q31/0.94,E31*Q31))))) | U31: =S31-T31 -> 0 | V31: FALSE
A32: =A31+(IF(C32="",0,1)) -> 0 | B32: =IF(A32=A31," ",A32) | D32: =IF(G32="","",VLOOKUP(G32,'КАТАЛОГ'!B:E,4,FALSE)) | E32: =IF(I32="Штат",0,D32) | H32: =IF(G32="","",VLOOKUP(G32,'КАТАЛОГ'!B:D,3,FALSE)) | Q32: =IF(SUM(J32:P32)=0,IF(G32<>"",1,SUM(J32:P32)),SUM(J32:P32)) -> 0 | R32: =Q32*D32 -> 0 | S32: =IF(D32="",E32,IF(I32="ИП 7%",D32*Q32/0.93,IF(I32="ИП 8%",D32*Q32/0.92,IF(I32="ИП 10%",D32*Q32/0.9,IF(I32="СЗТ",D32*Q32/0.94,D32*Q32))))) | T32: =IF(E32="",S32,IF(I32="ИП 7%",E32*Q32/0.93,IF(I32="ИП 8%",E32*Q32/0.92,IF(I32="ИП 10%",E32*Q32/0.9,IF(I32="СЗТ",E32*Q32/0.94,E32*Q32))))) | U32: =S32-T32 -> 0 | V32: FALSE
A33: =A32+(IF(C33="",0,1)) -> 0 | B33: =IF(A33=A32," ",A33) | D33: =IF(G33="","",VLOOKUP(G33,'КАТАЛОГ'!B:E,4,FALSE)) | E33: =IF(I33="Штат",0,D33) | H33: =IF(G33="","",VLOOKUP(G33,'КАТАЛОГ'!B:D,3,FALSE)) | Q33: =IF(SUM(J33:P33)=0,IF(G33<>"",1,SUM(J33:P33)),SUM(J33:P33)) -> 0 | R33: =Q33*D33 -> 0 | S33: =IF(D33="",E33,IF(I33="ИП 7%",D33*Q33/0.93,IF(I33="ИП 8%",D33*Q33/0.92,IF(I33="ИП 10%",D33*Q33/0.9,IF(I33="СЗТ",D33*Q33/0.94,D33*Q33))))) | T33: =IF(E33="",S33,IF(I33="ИП 7%",E33*Q33/0.93,IF(I33="ИП 8%",E33*Q33/0.92,IF(I33="ИП 10%",E33*Q33/0.9,IF(I33="СЗТ",E33*Q33/0.94,E33*Q33))))) | U33: =S33-T33 -> 0 | V33: FALSE
... A56: =A55+(IF(C56="",0,1)) -> 0 | B56: =IF(A56=A55," ",A56) | D56: =IF(G56="","",VLOOKUP(G56,'КАТАЛОГ'!B:E,4,FALSE)) | E56: =IF(I56="Штат",0,D56) | H56: =IF(G56="","",VLOOKUP(G56,'КАТАЛОГ'!B:D,3,FALSE)) | Q56: =IF(SUM(J56:P56)=0,IF(G56<>"",1,SUM(J56:P56)),SUM(J56:P56)) -> 0 | R56: =Q56*D56 -> 0 | S56: =IF(D56="",E56,IF(I56="ИП 7%",D56*Q56/0.93,IF(I56="ИП 8%",D56*Q56/0.92,IF(I56="ИП 10%",D56*Q56/0.9,IF(I56="СЗТ",D56*Q56/0.94,D56*Q56))))) | T56: =IF(E56="",S56,IF(I56="ИП 7%",E56*Q56/0.93,IF(I56="ИП 8%",E56*Q56/0.92,IF(I56="ИП 10%",E56*Q56/0.9,IF(I56="СЗТ",E56*Q56/0.94,E56*Q56))))) | U56: =S56-T56 -> 0 | V56: FALSE
B57: =D57 | J57: =SUM(J4:J56) -> 0 | K57: =SUM(K4:K56) -> 0 | L57: =SUM(L4:L56) -> 1 | M57: =SUM(M4:M56) -> 1 | N57: =SUM(N4:N56) -> 0 | O57: =SUM(O4:O56) -> 0 | P57: =SUM(P4:P56) -> 0 | Q57: =SUM(K57:O57) -> 2
B58: Итог: | R58: =SUM(R4:R57) -> 0 | S58: =SUM(S4:S57) -> 0 | T58: =SUM(T4:T57) -> 0
